probe,time_of_day,warm_cold,treatment,species,species_treatment,timepoint,FW,VNaOH,FA,average_FA,replicate,,
Chr1III,morning,cold,drought,A. canariense ssp. christii,A. canariense ssp. christii (cold-drought),3,61.7,92,52.18800648,,1,,
Chr1III,morning,cold,drought,A. canariense ssp. christii,A. canariense ssp. christii (cold-drought),3,61.7,70,39.7082658,,1,,
Chr1III,morning,cold,drought,A. canariense ssp. christii,A. canariense ssp. christii (cold-drought),3,61.7,95,53.8897893,,1,,
Chr1III,evening,cold,drought,A. canariense ssp. christii,A. canariense ssp. christii (cold-drought),3,62.9,40,22.25755167,,1,,
Chr1III,evening,cold,drought,A. canariense ssp. christii,A. canariense ssp. christii (cold-drought),3,62.9,48,26.709062,,1,,
Chr1III,evening,cold,drought,A. canariense ssp. christii,A. canariense ssp. christii (cold-drought),3,62.9,40,22.25755167,,1,,
Chr2III  ,morning,cold,control,A. canariense ssp. christii,A. canariense ssp. christii (cold-control),3,55.9,78,48.8372093,,2,,"#fa calc, =((0.00001*VNaOH/1000)*3.5)/(FW/1000)*1000000"
Chr2III  ,morning,cold,control,A. canariense ssp. christii,A. canariense ssp. christii (cold-control),3,55.9,82,51.34168157,,2,,"#abs calc, Morning - Evening"
Chr2III  ,morning,cold,control,A. canariense ssp. christii,A. canariense ssp. christii (cold-control),3,55.9,82,51.34168157,,2,,"#perc calc, (Morning-Evening)/Morning*100"
Chr2III  ,evening,cold,control,A. canariense ssp. christii,A. canariense ssp. christii (cold-control),3,56.8,58,35.73943662,,2,,"#the percentage difference looks at the increase of acid over night, so how much higher the morning acidity is than the evening/night samples"
Chr2III  ,evening,cold,control,A. canariense ssp. christii,A. canariense ssp. christii (cold-control),3,56.8,58,35.73943662,,2,,
Chr2III  ,evening,cold,control,A. canariense ssp. christii,A. canariense ssp. christii (cold-control),3,56.8,62,38.20422535,,2,,
DAV3III ,morning,warm,cold,A. davidbramwellii,A. davidbramwellii (warm-cold),3,51.9,186,125.433526,,3,,
DAV3III ,morning,warm,cold,A. davidbramwellii,A. davidbramwellii (warm-cold),3,51.9,198,133.5260116,,3,,
DAV3III ,morning,warm,cold,A. davidbramwellii,A. davidbramwellii (warm-cold),3,51.9,202,136.2235067,,3,,
DAV3III ,evening,warm,cold,A. davidbramwellii,A. davidbramwellii (warm-cold),3,54.5,66,42.3853211,,3,,
DAV3III ,evening,warm,cold,A. davidbramwellii,A. davidbramwellii (warm-cold),3,54.5,68,43.66972477,,3,,
DAV3III ,evening,warm,cold,A. davidbramwellii,A. davidbramwellii (warm-cold),3,54.5,70,44.95412844,,3,,
GOR1III,morning,warm,cold,A. gorgoneum,A. gorgoneum (warm-cold),3,56.5,270,167.2566372,,1,,
GOR1III,morning,warm,cold,A. gorgoneum,A. gorgoneum (warm-cold),3,56.5,270,167.2566372,,1,,
GOR1III,evening,warm,cold,A. gorgoneum,A. gorgoneum (warm-cold),3,51.9,50,33.71868979,,1,,
GOR1III,evening,warm,cold,A. gorgoneum,A. gorgoneum (warm-cold),3,51.9,56,37.76493256,,1,,
GOR2III ,morning,cold,control,A. gorgoneum,A. gorgoneum (cold-control),3,53.5,124,81.12149533,,2,,
GOR2III ,morning,cold,control,A. gorgoneum,A. gorgoneum (cold-control),3,53.5,114,74.57943925,,2,,
GOR2III ,morning,cold,control,A. gorgoneum,A. gorgoneum (cold-control),3,53.5,128,83.73831776,,2,,
GOR2III ,evening,cold,control,A. gorgoneum,A. gorgoneum (cold-control),3,53.9,50,32.46753247,,2,,
GOR2III ,evening,cold,control,A. gorgoneum,A. gorgoneum (cold-control),3,53.9,46,29.87012987,,2,,
GOR2III ,evening,cold,control,A. gorgoneum,A. gorgoneum (cold-control),3,53.9,46,29.87012987,,2,,
GOR3III,morning,warm,drought,A. gorgoneum,A. gorgoneum (warm-drought),3,53.9,140,90.90909091,,3,,
GOR3III,morning,warm,drought,A. gorgoneum,A. gorgoneum (warm-drought),3,53.9,144,93.50649351,,3,,
GOR3III,morning,warm,drought,A. gorgoneum,A. gorgoneum (warm-drought),3,53.9,138,89.61038961,,3,,
GOR3III,evening,warm,drought,A. gorgoneum,A. gorgoneum (warm-drought),3,57.5,50,30.43478261,,3,,
GOR3III,evening,warm,drought,A. gorgoneum,A. gorgoneum (warm-drought),3,57.5,50,30.43478261,,3,,
GOR3III,evening,warm,drought,A. gorgoneum,A. gorgoneum (warm-drought),3,57.5,54,32.86956522,,3,,
GOR4III,morning,warm,cold,A. gorgoneum,A. gorgoneum (warm-cold),3,58.5,340,203.4188034,,4,,
GOR4III,morning,warm,cold,A. gorgoneum,A. gorgoneum (warm-cold),3,58.5,328,196.2393162,,4,,
GOR4III,morning,warm,cold,A. gorgoneum,A. gorgoneum (warm-cold),3,58.5,334,199.8290598,,4,,
GOR4III,evening,warm,cold,A. gorgoneum,A. gorgoneum (warm-cold),3,55.2,60,38.04347826,,4,,
GOR4III,evening,warm,cold,A. gorgoneum,A. gorgoneum (warm-cold),3,55.2,64,40.57971014,,4,,
GOR4III,evening,warm,cold,A. gorgoneum,A. gorgoneum (warm-cold),3,55.2,58,36.77536232,,4,,
GOR7III,morning,cold,drought,A. gorgoneum,A. gorgoneum (cold-drought),3,58.3,120,72.04116638,,7,,
GOR7III,morning,cold,drought,A. gorgoneum,A. gorgoneum (cold-drought),3,58.3,119,71.44082333,,7,,
GOR7III,morning,cold,drought,A. gorgoneum,A. gorgoneum (cold-drought),3,58.3,124,74.44253859,,7,,
GOR7III,evening,cold,drought,A. gorgoneum,A. gorgoneum (cold-drought),3,53.6,57,37.22014925,,7,,
GOR7III,evening,cold,drought,A. gorgoneum,A. gorgoneum (cold-drought),3,53.6,56,36.56716418,,7,,
GOR7III,evening,cold,drought,A. gorgoneum,A. gorgoneum (cold-drought),3,53.6,56,36.56716418,,7,,
GOR9III,morning,cold,drought,A. gorgoneum,A. gorgoneum (cold-drought),3,54.1,80,51.75600739,,9,,
GOR9III,morning,cold,drought,A. gorgoneum,A. gorgoneum (cold-drought),3,54.1,86,55.63770795,,9,,
GOR9III,morning,cold,drought,A. gorgoneum,A. gorgoneum (cold-drought),3,54.1,84,54.34380776,,9,,
GOR9III,evening,cold,drought,A. gorgoneum,A. gorgoneum (cold-drought),3,57,57,35,,9,,
GOR9III,evening,cold,drought,A. gorgoneum,A. gorgoneum (cold-drought),3,57,42,25.78947368,,9,,
GOR9III,evening,cold,drought,A. gorgoneum,A. gorgoneum (cold-drought),3,57,45,27.63157895,,9,,
LEU11III,morning,cold,drought,A. leucoblepharum,A. leucoblepharum (cold-drought),3,56.9,242,148.857645,,11,,
LEU11III,morning,cold,drought,A. leucoblepharum,A. leucoblepharum (cold-drought),3,56.9,262,161.1599297,,11,,
LEU11III,morning,cold,drought,A. leucoblepharum,A. leucoblepharum (cold-drought),3,56.9,252,155.0087873,,11,,
LEU11III,evening,cold,drought,A. leucoblepharum,A. leucoblepharum (cold-drought),3,55.7,64,40.21543986,,11,,
LEU11III,evening,cold,drought,A. leucoblepharum,A. leucoblepharum (cold-drought),3,55.7,74,46.49910233,,11,,
LEU11III,evening,cold,drought,A. leucoblepharum,A. leucoblepharum (cold-drought),3,55.7,76,47.75583483,,11,,
LEU12III ,morning,warm,cold,A. leucoblepharum,A. leucoblepharum (warm-cold),3,58,266,160.5172414,,12,,
LEU12III ,morning,warm,cold,A. leucoblepharum,A. leucoblepharum (warm-cold),3,58,302,182.2413793,,12,,
LEU12III ,morning,warm,cold,A. leucoblepharum,A. leucoblepharum (warm-cold),3,58,298,179.8275862,,12,,
LEU12III ,evening,warm,cold,A. leucoblepharum,A. leucoblepharum (warm-cold),3,54.9,64,40.80145719,,12,,
LEU12III ,evening,warm,cold,A. leucoblepharum,A. leucoblepharum (warm-cold),3,54.9,58,36.97632058,,12,,
LEU12III ,evening,warm,cold,A. leucoblepharum,A. leucoblepharum (warm-cold),3,54.9,56,35.70127505,,12,,
LEU13III,morning,cold,warm,A. leucoblepharum,A. leucoblepharum (cold-warm),3,55,220,140,,11,,
LEU13III,morning,cold,warm,A. leucoblepharum,A. leucoblepharum (cold-warm),3,55,210,133.6363636,,11,,
LEU13III,morning,cold,warm,A. leucoblepharum,A. leucoblepharum (cold-warm),3,55,226,143.8181818,,11,,
LEU13III,evening,cold,warm,A. leucoblepharum,A. leucoblepharum (cold-warm),3,57.9,68,41.10535406,,11,,
LEU13III,evening,cold,warm,A. leucoblepharum,A. leucoblepharum (cold-warm),3,57.9,64,38.68739206,,11,,
LEU13III,evening,cold,warm,A. leucoblepharum,A. leucoblepharum (cold-warm),3,57.9,64,38.68739206,,11,,
LEU1III ,morning,warm,cold,A. leucoblepharum,A. leucoblepharum (warm-cold),3,55.2,247,156.6123188,,1,,
LEU1III ,morning,warm,cold,A. leucoblepharum,A. leucoblepharum (warm-cold),3,55.2,257,162.9528986,,1,,
LEU1III ,morning,warm,cold,A. leucoblepharum,A. leucoblepharum (warm-cold),3,55.2,268,169.9275362,,1,,
LEU1III ,evening,warm,cold,A. leucoblepharum,A. leucoblepharum (warm-cold),3,55.4,48,30.32490975,,1,,
LEU1III ,evening,warm,cold,A. leucoblepharum,A. leucoblepharum (warm-cold),3,55.4,50,31.58844765,,1,,
LEU1III ,evening,warm,cold,A. leucoblepharum,A. leucoblepharum (warm-cold),3,55.4,50,31.58844765,,1,,
LEU4III,morning,warm,drought,A. leucoblepharum,A. leucoblepharum (warm-drought),3,58.1,312,187.9518072,,4,,
LEU4III,morning,warm,drought,A. leucoblepharum,A. leucoblepharum (warm-drought),3,58.1,340,204.8192771,,4,,
LEU4III,morning,warm,drought,A. leucoblepharum,A. leucoblepharum (warm-drought),3,58.1,340,204.8192771,,4,,
LEU4III,evening,warm,drought,A. leucoblepharum,A. leucoblepharum (warm-drought),3,59.7,70,41.03852596,,4,,
LEU4III,evening,warm,drought,A. leucoblepharum,A. leucoblepharum (warm-drought),3,59.7,72,42.21105528,,4,,
LEU4III,evening,warm,drought,A. leucoblepharum,A. leucoblepharum (warm-drought),3,59.7,72,42.21105528,,4,,
LEU6III ,morning,warm,control,A. leucoblepharum,A. leucoblepharum (warm-control),3,54.3,204,131.4917127,,6,,
LEU6III ,morning,warm,control,A. leucoblepharum,A. leucoblepharum (warm-control),3,54.3,206,132.7808471,,6,,
LEU6III ,morning,warm,control,A. leucoblepharum,A. leucoblepharum (warm-control),3,54.3,210,135.359116,,6,,
LEU6III ,evening,warm,control,A. leucoblepharum,A. leucoblepharum (warm-control),3,54.3,54,34.80662983,,6,,
LEU6III ,evening,warm,control,A. leucoblepharum,A. leucoblepharum (warm-control),3,54.3,58,37.38489871,,6,,
LEU6III ,evening,warm,control,A. leucoblepharum,A. leucoblepharum (warm-control),3,54.3,60,38.67403315,,6,,
LEU8III,morning,cold,drought,A. leucoblepharum,A. leucoblepharum (cold-drought),3,56.9,134,82.42530756,,8,,
LEU8III,morning,cold,drought,A. leucoblepharum,A. leucoblepharum (cold-drought),3,56.9,142,87.34622144,,8,,
LEU8III,morning,cold,drought,A. leucoblepharum,A. leucoblepharum (cold-drought),3,56.9,138,84.8857645,,8,,
LEU8III,evening,cold,drought,A. leucoblepharum,A. leucoblepharum (cold-drought),3,53.6,72,47.01492537,,8,,
LEU8III,evening,cold,drought,A. leucoblepharum,A. leucoblepharum (cold-drought),3,53.6,74,48.32089552,,8,,
LEU8III,evening,cold,drought,A. leucoblepharum,A. leucoblepharum (cold-drought),3,53.6,76,49.62686567,,8,,
Per3III  ,morning,cold,control,A. percaneum,A. percaneum (cold-control),3,60.5,123,71.15702479,,3,,
Per3III  ,morning,cold,control,A. percaneum,A. percaneum (cold-control),3,60.5,130,75.20661157,,3,,
Per3III  ,morning,cold,control,A. percaneum,A. percaneum (cold-control),3,60.5,124,71.73553719,,3,,
Per3III  ,evening,cold,control,A. percaneum,A. percaneum (cold-control),3,57.2,50,30.59440559,,3,,
Per3III  ,evening,cold,control,A. percaneum,A. percaneum (cold-control),3,57.2,58,35.48951049,,3,,
Per3III  ,evening,cold,control,A. percaneum,A. percaneum (cold-control),3,57.2,56,34.26573427,,3,,
Per5III ,morning,warm,drought,A. percaneum,A. percaneum (warm-drought),3,55.1,212,134.6642468,,5,,
Per5III ,morning,warm,drought,A. percaneum,A. percaneum (warm-drought),3,55.1,250,158.8021779,,5,,
Per5III ,morning,warm,drought,A. percaneum,A. percaneum (warm-drought),3,55.1,254,161.3430127,,5,,
Per5III ,evening,warm,drought,A. percaneum,A. percaneum (warm-drought),3,53.7,62,40.40968343,,5,,
Per5III ,evening,warm,drought,A. percaneum,A. percaneum (warm-drought),3,53.7,62,40.40968343,,5,,
STU1III,morning,warm,control,A. stuessyi,A. stuessyi (warm-control),3,52.9,151,99.90548204,,1,,
STU1III,morning,warm,control,A. stuessyi,A. stuessyi (warm-control),3,52.9,151,99.90548204,,1,,
STU1III,morning,warm,control,A. stuessyi,A. stuessyi (warm-control),3,52.9,151,99.90548204,,1,,
STU1III,evening,warm,control,A. stuessyi,A. stuessyi (warm-control),3,55.5,48,30.27027027,,1,,
STU1III,evening,warm,control,A. stuessyi,A. stuessyi (warm-control),3,55.5,48,30.27027027,,1,,
STU1III,evening,warm,control,A. stuessyi,A. stuessyi (warm-control),3,55.5,49,30.9009009,,1,,
STU2III,morning,cold,warm,A. stuessyi,A. stuessyi (cold-warm),3,54.8,125,79.83576642,,2,,
STU2III,morning,cold,warm,A. stuessyi,A. stuessyi (cold-warm),3,54.8,135,86.22262774,,2,,
STU2III,morning,cold,warm,A. stuessyi,A. stuessyi (cold-warm),3,54.8,135,86.22262774,,2,,
STU2III,evening,cold,warm,A. stuessyi,A. stuessyi (cold-warm),3,52.5,55,36.66666667,,2,,
STU2III,evening,cold,warm,A. stuessyi,A. stuessyi (cold-warm),3,52.5,59,39.33333333,,2,,
STU2III,evening,cold,warm,A. stuessyi,A. stuessyi (cold-warm),3,52.5,56,37.33333333,,2,,
STU3III ,morning,cold,warm,A. stuessyi,A. stuessyi (cold-warm),3,55.1,140,88.9292196,,3,,
STU3III ,morning,cold,warm,A. stuessyi,A. stuessyi (cold-warm),3,55.1,144,91.47005445,,3,,
STU3III ,morning,cold,warm,A. stuessyi,A. stuessyi (cold-warm),3,55.1,142,90.19963702,,3,,
STU3III ,evening,cold,warm,A. stuessyi,A. stuessyi (cold-warm),3,52.8,64,42.42424242,,3,,
STU3III ,evening,cold,warm,A. stuessyi,A. stuessyi (cold-warm),3,52.8,62,41.09848485,,3,,
STU3III ,evening,cold,warm,A. stuessyi,A. stuessyi (cold-warm),3,52.8,58,38.4469697,,3,,
STU4III ,morning,warm,cold,A. stuessyi,A. stuessyi (warm-cold),3,56.7,188,116.0493827,,4,,
STU4III ,morning,warm,cold,A. stuessyi,A. stuessyi (warm-cold),3,56.7,188,116.0493827,,4,,
STU4III ,morning,warm,cold,A. stuessyi,A. stuessyi (warm-cold),3,56.7,194,119.7530864,,4,,
STU4III ,evening,warm,cold,A. stuessyi,A. stuessyi (warm-cold),3,54.4,46,29.59558824,,4,,
STU4III ,evening,warm,cold,A. stuessyi,A. stuessyi (warm-cold),3,54.4,48,30.88235294,,4,,
STU4III ,evening,warm,cold,A. stuessyi,A. stuessyi (warm-cold),3,54.4,52,33.45588235,,4,,
STU5III,morning,warm,drought,A. stuessyi,A. stuessyi (warm-drought),3,54.2,124,80.07380074,,5,,
STU5III,morning,warm,drought,A. stuessyi,A. stuessyi (warm-drought),3,54.2,128,82.65682657,,5,,
STU5III,morning,warm,drought,A. stuessyi,A. stuessyi (warm-drought),3,54.2,124,80.07380074,,5,,
STU5III,evening,warm,drought,A. stuessyi,A. stuessyi (warm-drought),3,54.9,40,25.50091075,,5,,
STU5III,evening,warm,drought,A. stuessyi,A. stuessyi (warm-drought),3,54.9,39,24.86338798,,5,,
STU5III,evening,warm,drought,A. stuessyi,A. stuessyi (warm-drought),3,54.9,41,26.13843352,,5,,
STU6III,morning,warm,drought,A. stuessyi,A. stuessyi (warm-drought),3,53.5,152,99.43925234,,6,,
STU6III,morning,warm,drought,A. stuessyi,A. stuessyi (warm-drought),3,53.5,152,99.43925234,,6,,
STU6III,morning,warm,drought,A. stuessyi,A. stuessyi (warm-drought),3,53.5,155,101.4018692,,6,,
STU6III,evening,warm,drought,A. stuessyi,A. stuessyi (warm-drought),3,51.8,46,31.08108108,,6,,
STU6III,evening,warm,drought,A. stuessyi,A. stuessyi (warm-drought),3,51.8,46,31.08108108,,6,,
STU6III,evening,warm,drought,A. stuessyi,A. stuessyi (warm-drought),3,51.8,50,33.78378378,,6,,
STU8III,morning,cold,warm,A. stuessyi,A. stuessyi (cold-warm),3,51.6,100,67.82945736,,8,,
STU8III,morning,cold,warm,A. stuessyi,A. stuessyi (cold-warm),3,51.6,110,74.6124031,,8,,
STU8III,morning,cold,warm,A. stuessyi,A. stuessyi (cold-warm),3,51.6,113,76.64728682,,8,,
STU8III,evening,cold,warm,A. stuessyi,A. stuessyi (cold-warm),3,53.8,58,37.73234201,,8,,
STU8III,evening,cold,warm,A. stuessyi,A. stuessyi (cold-warm),3,53.8,58,37.73234201,,8,,
STU8III,evening,cold,warm,A. stuessyi,A. stuessyi (cold-warm),3,53.8,60,39.03345725,,8,,
STU9III,morning,warm,cold,A. stuessyi,A. stuessyi (warm-cold),3,56.8,116,71.47887324,,9,,
STU9III,morning,warm,cold,A. stuessyi,A. stuessyi (warm-cold),3,56.8,128,78.87323944,,9,,
STU9III,morning,warm,cold,A. stuessyi,A. stuessyi (warm-cold),3,56.8,127,78.25704225,,9,,
STU9III,evening,warm,cold,A. stuessyi,A. stuessyi (warm-cold),3,52,42,28.26923077,,9,,
STU9III,evening,warm,cold,A. stuessyi,A. stuessyi (warm-cold),3,52,43,28.94230769,,9,,
STU9III,evening,warm,cold,A. stuessyi,A. stuessyi (warm-cold),3,52,42,28.26923077,,9,,
,morning,cold,drought,A. canariense ssp. canariense,A. canariense ssp. canariense (cold-drought),1,61.5,,,42.11382116,1,,
,evening,cold,drought,A. canariense ssp. canariense,A. canariense ssp. canariense (cold-drought),1,62.1,,,34.19216318,1,,
,morning,cold,drought,A. canariense ssp. canariense,A. canariense ssp. canariense (cold-drought),2,61.8,,,40.399137,1,,
,evening,cold,drought,A. canariense ssp. canariense,A. canariense ssp. canariense (cold-drought),2,61.8,,,34.54692557,1,,
,morning,cold,control,A. canariense ssp. christii,A. canariense ssp. christii (cold-control),1,61.3,,,86.02501359,2,,
,evening,cold,control,A. canariense ssp. christii,A. canariense ssp. christii (cold-control),1,61.5,,,38.13008129,2,,
,morning,cold,control,A. canariense ssp. christii,A. canariense ssp. christii (cold-control),2,61.1,,,64.34806329,2,,
,evening,cold,control,A. canariense ssp. christii,A. canariense ssp. christii (cold-control),2,61.6,,,37.49999999,2,,
,morning,cold,drought,A. canariense ssp. christii,A. canariense ssp. christii (cold-drought),1,56.1,,,57.60546642,1,,
,evening,cold,drought,A. canariense ssp. christii,A. canariense ssp. christii (cold-drought),1,56.8,,,32.24765258,1,,
,morning,cold,drought,A. canariense ssp. christii,A. canariense ssp. christii (cold-drought),2,61.4,,,74.67426712,1,,
,evening,cold,drought,A. canariense ssp. christii,A. canariense ssp. christii (cold-drought),2,62,,,33.30645161,1,,
,morning,warm,cold,A. canariense ssp. christii,A. canariense ssp. christii (warm-cold),1,61.6,,,65.53030302,3,,
,evening,warm,cold,A. canariense ssp. christii,A. canariense ssp. christii (warm-cold),1,61.3,,,27.9771615,3,,
,morning,warm,cold,A. canariense ssp. christii,A. canariense ssp. christii (warm-cold),2,61.7,,,65.04592112,3,,
,evening,warm,cold,A. canariense ssp. christii,A. canariense ssp. christii (warm-cold),2,61.2,,,36.9825708,3,,
,morning,cold,control,A. cuneatum,A. cuneatum (cold-control),1,61.9,,,47.11900914,1,,
,evening,cold,control,A. cuneatum,A. cuneatum (cold-control),1,61.4,,,26.60152009,1,,
,morning,cold,control,A. cuneatum,A. cuneatum (cold-control),2,62.4,,,61.88568376,1,,
,evening,cold,control,A. cuneatum,A. cuneatum (cold-control),2,61.4,,,21.09120521,1,,
,morning,cold,control,A. davidbramwellii,A. davidbramwellii (cold-control),1,52.5,,,106,2,,
,evening,cold,control,A. davidbramwellii,A. davidbramwellii (cold-control),1,52.5,,,37.1111111,2,,
,morning,cold,control,A. davidbramwellii,A. davidbramwellii (cold-control),2,61.1,,,81.3420622,2,,
,evening,cold,control,A. davidbramwellii,A. davidbramwellii (cold-control),2,61.2,,,28.78540305,2,,
,morning,cold,drought,A. davidbramwellii,A. davidbramwellii (cold-drought),1,61.1,,,109.9836334,4,,
,evening,cold,drought,A. davidbramwellii,A. davidbramwellii (cold-drought),1,61.9,,,49.19224555,4,,
,morning,cold,drought,A. davidbramwellii,A. davidbramwellii (cold-drought),2,62.1,,,99.19484701,4,,
,evening,cold,drought,A. davidbramwellii,A. davidbramwellii (cold-drought),2,62.7,,,34.05103668,4,,
,morning,warm,cold,A. davidbramwellii,A. davidbramwellii (warm-cold),1,54.8,,,108.7895377,3,,
,evening,warm,cold,A. davidbramwellii,A. davidbramwellii (warm-cold),1,55.1,,,19.69147005,3,,
,morning,warm,cold,A. davidbramwellii,A. davidbramwellii (warm-cold),2,61.5,,,91.81571816,3,,
,evening,warm,cold,A. davidbramwellii,A. davidbramwellii (warm-cold),2,61,,,43.22404373,3,,
,morning,warm,control,A. davidbramwellii,A. davidbramwellii (warm-control),1,61.4,,,146.1183496,1,,
,evening,warm,control,A. davidbramwellii,A. davidbramwellii (warm-control),1,61.9,,,35.62197093,1,,
,morning,warm,control,A. davidbramwellii,A. davidbramwellii (warm-control),2,61.1,,,147.9814512,1,,
,evening,warm,control,A. davidbramwellii,A. davidbramwellii (warm-control),2,61.2,,,61.95533768,1,,
,morning,cold,control,A. gorgoneum,A. gorgoneum (cold-control),1,60,,,64.94444446,2,,
,morning,cold,control,A. gorgoneum,A. gorgoneum (cold-control),1,62,,,92.20430107,5,,
,evening,cold,control,A. gorgoneum,A. gorgoneum (cold-control),1,59.7,,,26.96817421,2,,
,evening,cold,control,A. gorgoneum,A. gorgoneum (cold-control),1,61.8,,,34.73570658,5,,
,morning,cold,control,A. gorgoneum,A. gorgoneum (cold-control),2,61.4,,,49.78284472,2,,
,morning,cold,control,A. gorgoneum,A. gorgoneum (cold-control),2,61,,,75.35519124,5,,
,evening,cold,control,A. gorgoneum,A. gorgoneum (cold-control),2,61,,,27.15846995,2,,
,evening,cold,control,A. gorgoneum,A. gorgoneum (cold-control),2,61,,,39.20765027,5,,
,morning,cold,drought,A. gorgoneum,A. gorgoneum (cold-drought),1,61.6,,,65.53030302,7,,
,morning,cold,drought,A. gorgoneum,A. gorgoneum (cold-drought),1,62.7,,,81.31313131,9,,
,morning,cold,drought,A. gorgoneum,A. gorgoneum (cold-drought),1,61.6,,,92.99242425,11,,
,evening,cold,drought,A. gorgoneum,A. gorgoneum (cold-drought),1,62.2,,,32.63665595,7,,
,evening,cold,drought,A. gorgoneum,A. gorgoneum (cold-drought),1,62.7,,,45.02923978,9,,
,evening,cold,drought,A. gorgoneum,A. gorgoneum (cold-drought),1,61.9,,,44.66882067,11,,
,morning,cold,drought,A. gorgoneum,A. gorgoneum (cold-drought),2,62.5,,,57.86666666,7,,
,morning,cold,drought,A. gorgoneum,A. gorgoneum (cold-drought),2,61.5,,,63.73983739,9,,
,morning,cold,drought,A. gorgoneum,A. gorgoneum (cold-drought),2,61.2,,,45.17973856,11,,
,evening,cold,drought,A. gorgoneum,A. gorgoneum (cold-drought),2,61.9,,,23.93645665,7,,
,evening,cold,drought,A. gorgoneum,A. gorgoneum (cold-drought),2,61,,,30.21857923,9,,
,evening,cold,drought,A. gorgoneum,A. gorgoneum (cold-drought),2,62,,,27.09677419,11,,
,morning,cold,warm,A. gorgoneum,A. gorgoneum (cold-warm),1,54.7,,,44.57647775,6,,
,morning,cold,warm,A. gorgoneum,A. gorgoneum (cold-warm),1,61.6,,,51.13636364,12,,
,evening,cold,warm,A. gorgoneum,A. gorgoneum (cold-warm),1,53.6,,,30.03731343,6,,
,evening,cold,warm,A. gorgoneum,A. gorgoneum (cold-warm),1,61.1,,,28.6415712,12,,
,morning,cold,warm,A. gorgoneum,A. gorgoneum (cold-warm),2,61.6,,,92.23484848,6,,
,morning,cold,warm,A. gorgoneum,A. gorgoneum (cold-warm),2,61.9,,,167.7436726,12,,
,evening,cold,warm,A. gorgoneum,A. gorgoneum (cold-warm),2,61.8,,,32.2815534,6,,
,evening,cold,warm,A. gorgoneum,A. gorgoneum (cold-warm),2,62.2,,,33.76205788,12,,
,morning,warm,cold,A. gorgoneum,A. gorgoneum (warm-cold),1,61.9,,,85.3796446,1,,
,morning,warm,cold,A. gorgoneum,A. gorgoneum (warm-cold),1,61.6,,,72.72727273,4,,
,evening,warm,cold,A. gorgoneum,A. gorgoneum (warm-cold),1,61.3,,,25.1223491,1,,
,evening,warm,cold,A. gorgoneum,A. gorgoneum (warm-cold),1,61.3,,,24.74170745,4,,
,morning,warm,cold,A. gorgoneum,A. gorgoneum (warm-cold),2,61.5,,,51.40921408,1,,
,morning,warm,cold,A. gorgoneum,A. gorgoneum (warm-cold),2,61.6,,,54.35606061,4,,
,evening,warm,cold,A. gorgoneum,A. gorgoneum (warm-cold),2,61.6,,,28.59848485,1,,
,evening,warm,cold,A. gorgoneum,A. gorgoneum (warm-cold),2,61.5,,,29.78319783,4,,
,morning,warm,control,A. gorgoneum,A. gorgoneum (warm-control),1,61.4,,,46.55266014,10,,
,evening,warm,control,A. gorgoneum,A. gorgoneum (warm-control),1,61.4,,,17.86102063,10,,
,morning,warm,control,A. gorgoneum,A. gorgoneum (warm-control),2,61.8,,,65.12944984,10,,
,evening,warm,control,A. gorgoneum,A. gorgoneum (warm-control),2,62,,,37.82258064,10,,
,morning,warm,drought,A. gorgoneum,A. gorgoneum (warm-drought),1,62.4,,,54.7809829,3,,
,morning,warm,drought,A. gorgoneum,A. gorgoneum (warm-drought),1,61.6,,,106.4393939,8,,
,evening,warm,drought,A. gorgoneum,A. gorgoneum (warm-drought),1,61.5,,,24.85094851,3,,
,evening,warm,drought,A. gorgoneum,A. gorgoneum (warm-drought),1,61.7,,,21.7450027,8,,
,morning,warm,drought,A. gorgoneum,A. gorgoneum (warm-drought),2,61.7,,,171.8800648,3,,
,evening,warm,drought,A. gorgoneum,A. gorgoneum (warm-drought),2,61.4,,,39.52225841,3,,
,morning,cold,control,A. leucoblepharum,A. leucoblepharum (cold-control),1,61.6,,,49.24242425,2,,
,morning,cold,control,A. leucoblepharum,A. leucoblepharum (cold-control),1,61.7,,,79.22744463,5,,
,evening,cold,control,A. leucoblepharum,A. leucoblepharum (cold-control),1,61.4,,,28.69163952,2,,
,evening,cold,control,A. leucoblepharum,A. leucoblepharum (cold-control),1,61.3,,,35.01903209,5,,
,morning,cold,control,A. leucoblepharum,A. leucoblepharum (cold-control),2,61.8,,,114.4012945,2,,
,morning,cold,control,A. leucoblepharum,A. leucoblepharum (cold-control),2,61.7,,,93.78714209,5,,
,evening,cold,control,A. leucoblepharum,A. leucoblepharum (cold-control),2,61.3,,,32.73518217,2,,
,evening,cold,control,A. leucoblepharum,A. leucoblepharum (cold-control),2,62.6,,,45.6602769,5,,
,morning,cold,drought,A. leucoblepharum,A. leucoblepharum (cold-drought),1,62,,,94.46236559,8,,
,morning,cold,drought,A. leucoblepharum,A. leucoblepharum (cold-drought),1,61.9,,,75.01346258,11,,
,evening,cold,drought,A. leucoblepharum,A. leucoblepharum (cold-drought),1,61.7,,,31.76661264,8,,
,evening,cold,drought,A. leucoblepharum,A. leucoblepharum (cold-drought),1,61.6,,,31.62878788,11,,
,morning,cold,drought,A. leucoblepharum,A. leucoblepharum (cold-drought),2,61.7,,,91.32901134,8,,
,morning,cold,drought,A. leucoblepharum,A. leucoblepharum (cold-drought),2,61.7,,,126.1210157,11,,
,evening,cold,drought,A. leucoblepharum,A. leucoblepharum (cold-drought),2,61.7,,,27.22852512,8,,
,evening,cold,drought,A. leucoblepharum,A. leucoblepharum (cold-drought),2,61.2,,,29.54793028,11,,
,morning,cold,warm,A. leucoblepharum,A. leucoblepharum (cold-warm),1,61.9,,,88.9606893,9,,
,morning,cold,warm,A. leucoblepharum,A. leucoblepharum (cold-warm),1,61.3,,,48.53181078,13,,
,evening,cold,warm,A. leucoblepharum,A. leucoblepharum (cold-warm),1,61.6,,,44.50757577,9,,
,evening,cold,warm,A. leucoblepharum,A. leucoblepharum (cold-warm),1,61.5,,,31.6802168,13,,
,morning,cold,warm,A. leucoblepharum,A. leucoblepharum (cold-warm),2,62.6,,,162.886049,9,,
,morning,cold,warm,A. leucoblepharum,A. leucoblepharum (cold-warm),2,61.7,,,98.32522959,13,,
,evening,cold,warm,A. leucoblepharum,A. leucoblepharum (cold-warm),2,62.8,,,53.31740978,9,,
,evening,cold,warm,A. leucoblepharum,A. leucoblepharum (cold-warm),2,61.1,,,30.36006547,13,,
,morning,warm,cold,A. leucoblepharum,A. leucoblepharum (warm-cold),1,61.7,,,85.278228,1,,
,morning,warm,cold,A. leucoblepharum,A. leucoblepharum (warm-cold),1,61.7,,,106.4559698,3,,
,morning,warm,cold,A. leucoblepharum,A. leucoblepharum (warm-cold),1,61.6,,,110.7954546,12,,
,evening,warm,cold,A. leucoblepharum,A. leucoblepharum (warm-cold),1,61.1,,,22.14948173,1,,
,evening,warm,cold,A. leucoblepharum,A. leucoblepharum (warm-cold),1,61.6,,,20.83333333,3,,
,evening,warm,cold,A. leucoblepharum,A. leucoblepharum (warm-cold),1,61.9,,,24.50188476,12,,
,morning,warm,cold,A. leucoblepharum,A. leucoblepharum (warm-cold),2,61.3,,,100.1087548,1,,
,morning,warm,cold,A. leucoblepharum,A. leucoblepharum (warm-cold),2,61.3,,,90.9733551,3,,
,morning,warm,cold,A. leucoblepharum,A. leucoblepharum (warm-cold),2,61.5,,,109.2682927,12,,
,evening,warm,cold,A. leucoblepharum,A. leucoblepharum (warm-cold),2,61.3,,,33.11582382,1,,
,evening,warm,cold,A. leucoblepharum,A. leucoblepharum (warm-cold),2,61.1,,,30.16912166,3,,
,evening,warm,cold,A. leucoblepharum,A. leucoblepharum (warm-cold),2,61.5,,,41.73441734,12,,
,morning,warm,control,A. leucoblepharum,A. leucoblepharum (warm-control),1,61.5,,,63.73983739,6,,
,morning,warm,control,A. leucoblepharum,A. leucoblepharum (warm-control),1,61.1,,,95.47190398,7,,
,evening,warm,control,A. leucoblepharum,A. leucoblepharum (warm-control),1,61.3,,,27.02555737,6,,
,evening,warm,control,A. leucoblepharum,A. leucoblepharum (warm-control),1,61.2,,,19.25381264,7,,
,morning,warm,control,A. leucoblepharum,A. leucoblepharum (warm-control),2,61.1,,,148.172395,6,,
,morning,warm,control,A. leucoblepharum,A. leucoblepharum (warm-control),2,61.6,,,67.23484849,7,,
,evening,warm,control,A. leucoblepharum,A. leucoblepharum (warm-control),2,61.5,,,32.24932249,6,,
,evening,warm,control,A. leucoblepharum,A. leucoblepharum (warm-control),2,61.2,,,32.2167756,7,,
,morning,warm,drought,A. leucoblepharum,A. leucoblepharum (warm-drought),1,61.2,,,78.92156864,4,,
,morning,warm,drought,A. leucoblepharum,A. leucoblepharum (warm-drought),1,61.5,,,115.7181572,10,,
,evening,warm,drought,A. leucoblepharum,A. leucoblepharum (warm-drought),1,61,,,24.86338798,4,,
,evening,warm,drought,A. leucoblepharum,A. leucoblepharum (warm-drought),1,61,,,23.52459016,10,,
,morning,warm,drought,A. leucoblepharum,A. leucoblepharum (warm-drought),2,61.5,,,127.4796748,4,,
,morning,warm,drought,A. leucoblepharum,A. leucoblepharum (warm-drought),2,61.2,,,147.167756,10,,
,evening,warm,drought,A. leucoblepharum,A. leucoblepharum (warm-drought),2,61.3,,,32.16421969,4,,
,evening,warm,drought,A. leucoblepharum,A. leucoblepharum (warm-drought),2,61.9,,,33.54873452,10,,
,morning,cold,control,A. percaneum,A. percaneum (cold-control),1,61.4,,,158.4690554,3,,
,evening,cold,control,A. percaneum,A. percaneum (cold-control),1,61.1,,,46.20840154,3,,
,morning,cold,control,A. percaneum,A. percaneum (cold-control),2,61.4,,,83.41476658,3,,
,evening,cold,control,A. percaneum,A. percaneum (cold-control),2,61.4,,,36.29207383,3,,
,morning,cold,drought,A. percaneum,A. percaneum (cold-drought),1,61.1,,,130.9874523,2,,
,evening,cold,drought,A. percaneum,A. percaneum (cold-drought),1,61.7,,,44.81361427,2,,
,morning,cold,drought,A. percaneum,A. percaneum (cold-drought),2,61.5,,,65.06775069,2,,
,evening,cold,drought,A. percaneum,A. percaneum (cold-drought),2,61.2,,,30.11982571,2,,
,morning,warm,cold,A. percaneum,A. percaneum (warm-cold),1,61.8,,,142.5296656,1,,
,evening,warm,cold,A. percaneum,A. percaneum (warm-cold),1,61.2,,,38.31699347,1,,
,morning,warm,cold,A. percaneum,A. percaneum (warm-cold),2,62.2,,,95.28403,1,,
,evening,warm,cold,A. percaneum,A. percaneum (warm-cold),2,61.6,,,39.58333334,1,,
,morning,warm,control,A. percaneum,A. percaneum (warm-control),1,61.2,,,100.6535948,4,,
,evening,warm,control,A. percaneum,A. percaneum (warm-control),1,61.3,,,22.64817836,4,,
,morning,warm,control,A. percaneum,A. percaneum (warm-control),2,61.8,,,145.7389428,4,,
,evening,warm,control,A. percaneum,A. percaneum (warm-control),2,61.9,,,55.6004308,4,,
,morning,warm,drought,A. percaneum,A. percaneum (warm-drought),1,62.4,,,182.2916667,5,,
,evening,warm,drought,A. percaneum,A. percaneum (warm-drought),1,61.4,,,40.47231272,5,,
,morning,warm,drought,A. percaneum,A. percaneum (warm-drought),2,61.8,,,149.1370011,5,,
,evening,warm,drought,A. percaneum,A. percaneum (warm-drought),2,62.9,,,49.33757287,5,,
,morning,cold,control,A. stuessyi,A. stuessyi (cold-control),1,55,,,49.63636363,7,,
,morning,cold,control,A. stuessyi,A. stuessyi (cold-control),1,61.5,,,54.06504065,14,,
,evening,cold,control,A. stuessyi,A. stuessyi (cold-control),1,54.3,,,27.50153468,7,,
,evening,cold,control,A. stuessyi,A. stuessyi (cold-control),1,62,,,25.21505376,14,,
,morning,cold,control,A. stuessyi,A. stuessyi (cold-control),2,62.1,,,89.2377885,7,,
,morning,cold,control,A. stuessyi,A. stuessyi (cold-control),2,61.4,,,83.60477741,14,,
,evening,cold,control,A. stuessyi,A. stuessyi (cold-control),2,62.1,,,36.82232957,7,,
,evening,cold,control,A. stuessyi,A. stuessyi (cold-control),2,61.5,,,28.07588076,14,,
,morning,cold,drought,A. stuessyi,A. stuessyi (cold-drought),1,61.6,,,36.36363637,11,,
,morning,cold,drought,A. stuessyi,A. stuessyi (cold-drought),1,62,,,82.79569893,12,,
,evening,cold,drought,A. stuessyi,A. stuessyi (cold-drought),1,61.4,,,21.66123778,11,,
,evening,cold,drought,A. stuessyi,A. stuessyi (cold-drought),1,61.6,,,26.13636364,12,,
,morning,cold,drought,A. stuessyi,A. stuessyi (cold-drought),2,62.1,,,84.5410628,11,,
,morning,cold,drought,A. stuessyi,A. stuessyi (cold-drought),2,61.5,,,55.39295395,12,,
,evening,cold,drought,A. stuessyi,A. stuessyi (cold-drought),2,62.1,,,30.24691358,11,,
,evening,cold,drought,A. stuessyi,A. stuessyi (cold-drought),2,61.5,,,36.99186992,12,,
,morning,cold,warm,A. stuessyi,A. stuessyi (cold-warm),1,61.6,,,86.36363638,2,,
,morning,cold,warm,A. stuessyi,A. stuessyi (cold-warm),1,61.6,,,76.70454547,3,,
,morning,cold,warm,A. stuessyi,A. stuessyi (cold-warm),1,61.3,,,65.85100599,8,,
,evening,cold,warm,A. stuessyi,A. stuessyi (cold-warm),1,61.5,,,24.09214092,2,,
,evening,cold,warm,A. stuessyi,A. stuessyi (cold-warm),1,61.9,,,26.57512116,3,,
,evening,cold,warm,A. stuessyi,A. stuessyi (cold-warm),1,61.6,,,46.59090909,8,,
,morning,cold,warm,A. stuessyi,A. stuessyi (cold-warm),2,60.9,,,129.5019157,2,,
,morning,cold,warm,A. stuessyi,A. stuessyi (cold-warm),2,61.6,,,98.67424242,3,,
,morning,cold,warm,A. stuessyi,A. stuessyi (cold-warm),2,62.4,,,112.1794872,8,,
,evening,cold,warm,A. stuessyi,A. stuessyi (cold-warm),2,61.1,,,49.64539006,2,,
,evening,cold,warm,A. stuessyi,A. stuessyi (cold-warm),2,62,,,31.80107527,3,,
,evening,cold,warm,A. stuessyi,A. stuessyi (cold-warm),2,62.2,,,42.39013933,8,,
,morning,warm,cold,A. stuessyi,A. stuessyi (warm-cold),1,61.5,,,56.34146343,4,,
,morning,warm,cold,A. stuessyi,A. stuessyi (warm-cold),1,61.6,,,69.88636365,9,,
,morning,warm,cold,A. stuessyi,A. stuessyi (warm-cold),1,61.7,,,42.5445705,10,,
,evening,warm,cold,A. stuessyi,A. stuessyi (warm-cold),1,61.1,,,22.72231315,4,,
,evening,warm,cold,A. stuessyi,A. stuessyi (warm-cold),1,61.6,,,24.81060606,9,,
,evening,warm,cold,A. stuessyi,A. stuessyi (warm-cold),1,61.4,,,17.67100977,10,,
,morning,warm,cold,A. stuessyi,A. stuessyi (warm-cold),2,61.1,,,67.59410802,4,,
,morning,warm,cold,A. stuessyi,A. stuessyi (warm-cold),2,61.1,,,83.63338788,9,,
,morning,warm,cold,A. stuessyi,A. stuessyi (warm-cold),2,61.2,,,85.21241831,10,,
,evening,warm,cold,A. stuessyi,A. stuessyi (warm-cold),2,61,,,29.07103825,4,,
,evening,warm,cold,A. stuessyi,A. stuessyi (warm-cold),2,61.7,,,35.35926527,9,,
,evening,warm,cold,A. stuessyi,A. stuessyi (warm-cold),2,61.2,,,28.78540305,10,,
,morning,warm,control,A. stuessyi,A. stuessyi (warm-control),1,61.3,,,80.50570962,1,,
,morning,warm,control,A. stuessyi,A. stuessyi (warm-control),1,61.2,,,67.86492374,13,,
,evening,warm,control,A. stuessyi,A. stuessyi (warm-control),1,61.5,,,18.9701897,1,,
,evening,warm,control,A. stuessyi,A. stuessyi (warm-control),1,61.9,,,19.41303177,13,,
,morning,warm,control,A. stuessyi,A. stuessyi (warm-control),2,62.8,,,70.96602972,1,,
,morning,warm,control,A. stuessyi,A. stuessyi (warm-control),2,61.9,,,64.83575658,13,,
,evening,warm,control,A. stuessyi,A. stuessyi (warm-control),2,61.1,,,35.89743591,1,,
,evening,warm,control,A. stuessyi,A. stuessyi (warm-control),2,61.7,,,32.90113452,13,,
,morning,warm,drought,A. stuessyi,A. stuessyi (warm-drought),1,61.4,,,81.89467969,5,,
,morning,warm,drought,A. stuessyi,A. stuessyi (warm-drought),1,61.6,,,86.17424242,6,,
,evening,warm,drought,A. stuessyi,A. stuessyi (warm-drought),1,62.1,,,26.30166398,5,,
,evening,warm,drought,A. stuessyi,A. stuessyi (warm-drought),1,61.5,,,19.91869919,6,,
,morning,warm,drought,A. stuessyi,A. stuessyi (warm-drought),2,61.4,,,62.32356134,5,,
,morning,warm,drought,A. stuessyi,A. stuessyi (warm-drought),2,61.6,,,106.0606061,6,,
,evening,warm,drought,A. stuessyi,A. stuessyi (warm-drought),2,61.4,,,28.31161781,5,,
,evening,warm,drought,A. stuessyi,A. stuessyi (warm-drought),2,62.3,,,52.43445694,6,,
,morning,cold,control,A. undulatum,A. undulatum (cold-control),1,62,,,35.9408602,1,,
,evening,cold,control,A. undulatum,A. undulatum (cold-control),1,61.5,,,20.67750678,1,,
,morning,cold,control,A. undulatum,A. undulatum (cold-control),2,61.7,,,56.34792006,1,,
,evening,cold,control,A. undulatum,A. undulatum (cold-control),2,61.2,,,37.17320261,1,,
,morning,warm,cold,A. undulatum,A. undulatum (warm-cold),1,51.4,,,93.28793775,2,,
,evening,warm,cold,A. undulatum,A. undulatum (warm-cold),1,52,,,46.4423077,2,,
,morning,warm,cold,A. undulatum,A. undulatum (warm-cold),2,61.3,,,39.39641111,2,,
,evening,warm,cold,A. undulatum,A. undulatum (warm-cold),2,61.5,,,28.64498645,2,,
Leu3III,morning,warm,cold,A. leucoblepharum,A. leucoblepharum (warm-cold),3,56.3,320,198.9342806,,3,,
Leu3III,morning,warm,cold,A. leucoblepharum,A. leucoblepharum (warm-cold),3,56.3,345,214.4760213,,3,,
Leu3III,morning,warm,cold,A. leucoblepharum,A. leucoblepharum (warm-cold),3,56.3,340,211.3676732,,3,,
Leu3III,evening,warm,cold,A. leucoblepharum,A. leucoblepharum (warm-cold),3,56,55,34.375,,3,,
Leu3III,evening,warm,cold,A. leucoblepharum,A. leucoblepharum (warm-cold),3,56,58,36.25,,3,,
Leu3III,evening,warm,cold,A. leucoblepharum,A. leucoblepharum (warm-cold),3,56,58,36.25,,3,,
Leu5III,morning,cold,control,A. leucoblepharum,A. leucoblepharum (cold-control),3,58.2,210,126.2886598,,5,,
Leu5III,morning,cold,control,A. leucoblepharum,A. leucoblepharum (cold-control),3,58.2,220,132.3024055,,5,,
Leu5III,morning,cold,control,A. leucoblepharum,A. leucoblepharum (cold-control),3,58.2,226,135.9106529,,5,,
Leu5III,evening,cold,control,A. leucoblepharum,A. leucoblepharum (cold-control),3,54.6,70,44.87179487,,5,,
Leu5III,evening,cold,control,A. leucoblepharum,A. leucoblepharum (cold-control),3,54.6,72,46.15384615,,5,,
Leu5III,evening,cold,control,A. leucoblepharum,A. leucoblepharum (cold-control),3,54.6,77,49.35897436,,5,,
Leu7III,morning,warm,control,A. leucoblepharum,A. leucoblepharum (warm-control),3,58.8,240,142.8571429,,7,,
Leu7III,morning,warm,control,A. leucoblepharum,A. leucoblepharum (warm-control),3,58.8,246,146.4285714,,7,,
Leu7III,morning,warm,control,A. leucoblepharum,A. leucoblepharum (warm-control),3,58.8,230,136.9047619,,7,,
Leu7III,evening,warm,control,A. leucoblepharum,A. leucoblepharum (warm-control),3,59.4,76,44.78114478,,7,,
Leu7III,evening,warm,control,A. leucoblepharum,A. leucoblepharum (warm-control),3,59.4,78,45.95959596,,7,,
Leu7III,evening,warm,control,A. leucoblepharum,A. leucoblepharum (warm-control),3,59.4,81,47.72727273,,7,,
Leu10III,morning,warm,drought,A. leucoblepharum,A. leucoblepharum (warm-drought),3,59.1,351,207.8680203,,10,,
Leu10III,morning,warm,drought,A. leucoblepharum,A. leucoblepharum (warm-drought),3,59.1,370,219.1201354,,10,,
Leu10III,morning,warm,drought,A. leucoblepharum,A. leucoblepharum (warm-drought),3,59.1,350,207.2758037,,10,,
Leu10III,evening,warm,drought,A. leucoblepharum,A. leucoblepharum (warm-drought),3,55.8,56,35.12544803,,10,,
Leu10III,evening,warm,drought,A. leucoblepharum,A. leucoblepharum (warm-drought),3,55.8,64,40.14336918,,10,,
Leu10III,evening,warm,drought,A. leucoblepharum,A. leucoblepharum (warm-drought),3,55.8,65,40.77060932,,10,,
Per1III,morning,warm,cold,A. percaneum,A. percaneum (warm-cold),3,59.7,250,146.5661642,,1,,
Per1III,morning,warm,cold,A. percaneum,A. percaneum (warm-cold),3,59.7,249,145.9798995,,1,,
Per1III,morning,warm,cold,A. percaneum,A. percaneum (warm-cold),3,59.7,245,143.6348409,,1,,
Per1III,evening,warm,cold,A. percaneum,A. percaneum (warm-cold),3,55.6,42,26.43884892,,1,,
Per1III,evening,warm,cold,A. percaneum,A. percaneum (warm-cold),3,55.6,46,28.95683453,,1,,
Per1III,evening,warm,cold,A. percaneum,A. percaneum (warm-cold),3,55.6,54,33.99280576,,1,,
Und2III,morning,warm,cold,A. undulatum,A. undulatum (warm-cold),3,51.1,140,95.89041096,,2,,
Und2III,morning,warm,cold,A. undulatum,A. undulatum (warm-cold),3,51.1,347,237.6712329,,2,,
Und2III,morning,warm,cold,A. undulatum,A. undulatum (warm-cold),3,51.1,135,92.46575342,,2,,
Und2III,evening,warm,cold,A. undulatum,A. undulatum (warm-cold),3,53.1,72,47.45762712,,2,,
Und2III,evening,warm,cold,A. undulatum,A. undulatum (warm-cold),3,53.1,70,46.1393597,,2,,
Und2III,evening,warm,cold,A. undulatum,A. undulatum (warm-cold),3,53.1,70,46.1393597,,2,,
Gor6III,morning,cold,warm,A. gorgoneum,A. gorgoneum (cold-warm),3,56.8,369,227.3767606,,6,,
Gor6III,morning,cold,warm,A. gorgoneum,A. gorgoneum (cold-warm),3,56.8,375,231.0739437,,6,,
Gor6III,morning,cold,warm,A. gorgoneum,A. gorgoneum (cold-warm),3,56.8,390,240.3169014,,6,,
Gor6III,evening,cold,warm,A. gorgoneum,A. gorgoneum (cold-warm),3,53.1,50,32.9566855,,6,,
Gor6III,evening,cold,warm,A. gorgoneum,A. gorgoneum (cold-warm),3,53.1,55,36.25235405,,6,,
Gor6III,evening,cold,warm,A. gorgoneum,A. gorgoneum (cold-warm),3,53.1,56,36.91148776,,6,,
Dav1III,morning,warm,control,A. davidbramwellii,A. davidbramwellii (warm-control),3,50.8,182,125.3937008,,1,,
Dav1III,morning,warm,control,A. davidbramwellii,A. davidbramwellii (warm-control),3,50.8,180,124.015748,,1,,
Dav1III,evening,warm,control,A. davidbramwellii,A. davidbramwellii (warm-control),3,52.1,90,60.46065259,,1,,
Dav1III,evening,warm,control,A. davidbramwellii,A. davidbramwellii (warm-control),3,52.1,92,61.80422265,,1,,
Dav1III,evening,warm,control,A. davidbramwellii,A. davidbramwellii (warm-control),3,52.1,95,63.81957774,,1,,
Und1III,morning,cold,control,A. undulatum,A. undulatum (cold-control),3,55.7,120,75.40394973,,1,,
Und1III,morning,cold,control,A. undulatum,A. undulatum (cold-control),3,55.7,120,75.40394973,,1,,
Und1III,morning,cold,control,A. undulatum,A. undulatum (cold-control),3,55.7,121,76.03231598,,1,,
Und1III,evening,cold,control,A. undulatum,A. undulatum (cold-control),3,52.9,76,50.28355388,,1,,
Und1III,evening,cold,control,A. undulatum,A. undulatum (cold-control),3,52.9,79,52.268431,,1,,
Und1III,evening,cold,control,A. undulatum,A. undulatum (cold-control),3,52.9,79,52.268431,,1,,
Chr3III,morning,warm,cold,A. canariense ssp. christii,A. canariense ssp. christii (warm-cold),3,52,181,121.8269231,,3,,
Chr3III,morning,warm,cold,A. canariense ssp. christii,A. canariense ssp. christii (warm-cold),3,52,182,122.5,,3,,
Chr3III,morning,warm,cold,A. canariense ssp. christii,A. canariense ssp. christii (warm-cold),3,52,183,123.1730769,,3,,
Chr3III,evening,warm,cold,A. canariense ssp. christii,A. canariense ssp. christii (warm-cold),3,50.8,77,53.0511811,,3,,
Chr3III,evening,warm,cold,A. canariense ssp. christii,A. canariense ssp. christii (warm-cold),3,50.8,87,59.94094488,,3,,
Chr3III,evening,warm,cold,A. canariense ssp. christii,A. canariense ssp. christii (warm-cold),3,50.8,89,61.31889764,,3,,
Can_III,morning,cold,drought,A. canariense ssp. canariense,A. canariense ssp. canariense (cold-drought),3,57.8,96,58.13148789,,1,,
Can_III,morning,cold,drought,A. canariense ssp. canariense,A. canariense ssp. canariense (cold-drought),3,57.8,94,56.92041522,,1,,
Can_III,morning,cold,drought,A. canariense ssp. canariense,A. canariense ssp. canariense (cold-drought),3,57.8,92,55.70934256,,1,,
Can_III,evening,cold,drought,A. canariense ssp. canariense,A. canariense ssp. canariense (cold-drought),3,54.8,55,35.12773723,,1,,
Can_III,evening,cold,drought,A. canariense ssp. canariense,A. canariense ssp. canariense (cold-drought),3,54.8,50,31.93430657,,1,,
Can_III,evening,cold,drought,A. canariense ssp. canariense,A. canariense ssp. canariense (cold-drought),3,54.8,51,32.5729927,,1,,
Cun_III,morning,cold,control,A. cuneatum,A. cuneatum (cold-control),3,56.7,223,137.654321,,1,,
Cun_III,morning,cold,control,A. cuneatum,A. cuneatum (cold-control),3,56.7,221,136.4197531,,1,,
Cun_III,morning,cold,control,A. cuneatum,A. cuneatum (cold-control),3,56.7,228,140.7407407,,1,,
Cun_III,evening,cold,control,A. cuneatum,A. cuneatum (cold-control),3,54,51,33.05555556,,1,,
Cun_III,evening,cold,control,A. cuneatum,A. cuneatum (cold-control),3,54,51,33.05555556,,1,,
Cun_III,evening,cold,control,A. cuneatum,A. cuneatum (cold-control),3,54,51,33.05555556,,1,,
Per4III2,morning,warm,control,A. percaneum,A. percaneum (warm-control),3,56.7,195,120.3703704,,4,,
Per4III2,morning,warm,control,A. percaneum,A. percaneum (warm-control),3,56.7,208,128.3950617,,4,,
Per4III2,morning,warm,control,A. percaneum,A. percaneum (warm-control),3,56.7,217,133.9506173,,4,,
Per4III,morning,warm,control,A. percaneum,A. percaneum (warm-control),3,59.2,219,129.4763514,,4,,
Per4III,morning,warm,control,A. percaneum,A. percaneum (warm-control),3,59.2,230,135.9797297,,4,,
Per4III,morning,warm,control,A. percaneum,A. percaneum (warm-control),3,59.2,232,137.1621622,,4,,
Leu2III,morning,cold,control,A. leucoblepharum,A. leucoblepharum (cold-control),3,51.6,140,94.96124031,,2,,
Leu2III,morning,cold,control,A. leucoblepharum,A. leucoblepharum (cold-control),3,51.6,151,102.4224806,,2,,
Leu2III,morning,cold,control,A. leucoblepharum,A. leucoblepharum (cold-control),3,51.6,158,107.1705426,,2,,
Leu2III,evening,cold,control,A. leucoblepharum,A. leucoblepharum (cold-control),3,55.6,61,38.39928058,,2,,
Leu2III,evening,cold,control,A. leucoblepharum,A. leucoblepharum (cold-control),3,55.6,61,38.39928058,,2,,
Leu2III,evening,cold,control,A. leucoblepharum,A. leucoblepharum (cold-control),3,55.6,61,38.39928058,,2,,
Leu9III,morning,cold,warm,A. leucoblepharum,A. leucoblepharum (cold-warm),3,53,200,132.0754717,,9,,
Leu9III,morning,cold,warm,A. leucoblepharum,A. leucoblepharum (cold-warm),3,53,204,134.7169811,,9,,
Leu9III,morning,cold,warm,A. leucoblepharum,A. leucoblepharum (cold-warm),3,53,199,131.4150943,,9,,
Leu9III,evening,cold,warm,A. leucoblepharum,A. leucoblepharum (cold-warm),3,53.6,72,47.01492537,,9,,
Leu9III,evening,cold,warm,A. leucoblepharum,A. leucoblepharum (cold-warm),3,53.6,60,39.17910448,,9,,
Leu9III,evening,cold,warm,A. leucoblepharum,A. leucoblepharum (cold-warm),3,53.6,61,39.83208955,,9,,
Gor5III,morning,cold,control,A. gorgoneum,A. gorgoneum (cold-control),3,58.7,100,59.62521295,,5,,
Gor5III,morning,cold,control,A. gorgoneum,A. gorgoneum (cold-control),3,58.7,94,56.04770017,,5,,
Gor5III,morning,cold,control,A. gorgoneum,A. gorgoneum (cold-control),3,58.7,98,58.43270869,,5,,
Gor5III,evening,cold,control,A. gorgoneum,A. gorgoneum (cold-control),3,55.2,40,25.36231884,,5,,
Gor5III,evening,cold,control,A. gorgoneum,A. gorgoneum (cold-control),3,55.2,44,27.89855072,,5,,
Gor5III,evening,cold,control,A. gorgoneum,A. gorgoneum (cold-control),3,55.2,48,30.43478261,,5,,
Gor12III2,morning,cold,warm,A. gorgoneum,A. gorgoneum (cold-warm),3,51.5,100,67.96116505,,12,,
Gor12III2,morning,cold,warm,A. gorgoneum,A. gorgoneum (cold-warm),3,51.5,94,63.88349515,,12,,
Gor12III2,morning,cold,warm,A. gorgoneum,A. gorgoneum (cold-warm),3,51.5,96,65.24271845,,12,,
Gor12III,morning,cold,warm,A. gorgoneum,A. gorgoneum (cold-warm),3,53.5,54,35.3271028,,12,,
Gor12III,morning,cold,warm,A. gorgoneum,A. gorgoneum (cold-warm),3,53.5,59,38.59813084,,12,,
Gor12III,evening,cold,warm,A. gorgoneum,A. gorgoneum (cold-warm),3,53.2,44,28.94736842,,12,,
Gor12III,evening,cold,warm,A. gorgoneum,A. gorgoneum (cold-warm),3,53.2,46,30.26315789,,12,,
Gor12III,evening,cold,warm,A. gorgoneum,A. gorgoneum (cold-warm),3,53.2,42,27.63157895,,12,,
Gor12III2,evening,cold,warm,A. gorgoneum,A. gorgoneum (cold-warm),3,53.9,44,28.57142857,,12,,
Gor12III2,evening,cold,warm,A. gorgoneum,A. gorgoneum (cold-warm),3,53.9,48,31.16883117,,12,,
Gor12III2,evening,cold,warm,A. gorgoneum,A. gorgoneum (cold-warm),3,53.9,50,32.46753247,,12,,
Stu10III,morning,warm,cold,A. stuessyi,A. stuessyi (warm-cold),3,52.5,122,81.33333333,,10,,
Stu10III,morning,warm,cold,A. stuessyi,A. stuessyi (warm-cold),3,52.5,122,81.33333333,,10,,
Stu10III,morning,warm,cold,A. stuessyi,A. stuessyi (warm-cold),3,52.5,124,82.66666667,,10,,
Stu10III,evening,warm,cold,A. stuessyi,A. stuessyi (warm-cold),3,52,44,29.61538462,,10,,
Stu10III,evening,warm,cold,A. stuessyi,A. stuessyi (warm-cold),3,52,46,30.96153846,,10,,
Stu10III,evening,warm,cold,A. stuessyi,A. stuessyi (warm-cold),3,52,48,32.30769231,,10,,
Stu11III,morning,cold,drought,A. stuessyi,A. stuessyi (cold-drought),3,54.8,116,74.08759124,,11,,
Stu11III,morning,cold,drought,A. stuessyi,A. stuessyi (cold-drought),3,54.8,118,75.3649635,,11,,
Stu11III,morning,cold,drought,A. stuessyi,A. stuessyi (cold-drought),3,54.8,116,74.08759124,,11,,
Stu11III,evening,cold,drought,A. stuessyi,A. stuessyi (cold-drought),3,52.5,38,25.33333333,,11,,
Stu11III,evening,cold,drought,A. stuessyi,A. stuessyi (cold-drought),3,52.5,38,25.33333333,,11,,
Stu11III,evening,cold,drought,A. stuessyi,A. stuessyi (cold-drought),3,52.5,40,26.66666667,,11,,
Stu7III,morning,cold,control,A. stuessyi,A. stuessyi (cold-control),3,56.5,81,50.17699115,,7,,
Stu7III,morning,cold,control,A. stuessyi,A. stuessyi (cold-control),3,56.5,81,50.17699115,,7,,
Stu7III,morning,cold,control,A. stuessyi,A. stuessyi (cold-control),3,56.5,70,43.36283186,,7,,
Stu7III,evening,cold,control,A. stuessyi,A. stuessyi (cold-control),3,51.7,39,26.40232108,,7,,
Stu7III,evening,cold,control,A. stuessyi,A. stuessyi (cold-control),3,51.7,53,35.88007737,,7,,
Stu7III,evening,cold,control,A. stuessyi,A. stuessyi (cold-control),3,51.7,51,34.52611219,,7,,
Stu12III,morning,cold,drought,A. stuessyi,A. stuessyi (cold-drought),3,52.9,80,52.93005671,,12,,
Stu12III,morning,cold,drought,A. stuessyi,A. stuessyi (cold-drought),3,52.9,77,50.94517958,,12,,
Stu12III,evening,cold,drought,A. stuessyi,A. stuessyi (cold-drought),3,59.7,55,32.24455611,,12,,
Stu12III,evening,cold,drought,A. stuessyi,A. stuessyi (cold-drought),3,59.7,60,35.1758794,,12,,
Stu12III,evening,cold,drought,A. stuessyi,A. stuessyi (cold-drought),3,59.7,54,31.65829146,,12,,
Stu13III,morning,warm,control,A. stuessyi,A. stuessyi (warm-control),3,54.1,155,100.2772643,,13,,
Stu13III,morning,warm,control,A. stuessyi,A. stuessyi (warm-control),3,54.1,153,98.98336414,,13,,
Stu13III,morning,warm,control,A. stuessyi,A. stuessyi (warm-control),3,54.1,158,102.2181146,,13,,
Stu13III,evening,warm,control,A. stuessyi,A. stuessyi (warm-control),3,52.1,40,26.87140115,,13,,
Stu13III,evening,warm,control,A. stuessyi,A. stuessyi (warm-control),3,52.1,35,23.51247601,,13,,
Stu13III,evening,warm,control,A. stuessyi,A. stuessyi (warm-control),3,52.1,46,30.90211132,,13,,
Stu14III,morning,cold,control,A. stuessyi,A. stuessyi (cold-control),3,52.8,125,82.85984848,,14,,
Stu14III,morning,cold,control,A. stuessyi,A. stuessyi (cold-control),3,52.8,124,82.1969697,,14,,
Stu14III,morning,cold,control,A. stuessyi,A. stuessyi (cold-control),3,52.8,128,84.84848485,,14,,
Stu14III,evening,cold,control,A. stuessyi,A. stuessyi (cold-control),3,53.7,57,37.15083799,,14,,
Stu14III,evening,cold,control,A. stuessyi,A. stuessyi (cold-control),3,53.7,63,41.06145251,,14,,
Stu14III,evening,cold,control,A. stuessyi,A. stuessyi (cold-control),3,53.7,68,44.32029795,,14,,
Per2III,morning,cold,drought,A. percaneum,A. percaneum (cold-drought),3,53.5,115,75.23364486,,2,,
Per2III,morning,cold,drought,A. percaneum,A. percaneum (cold-drought),3,53.5,144,94.20560748,,2,,
Per2III,morning,cold,drought,A. percaneum,A. percaneum (cold-drought),3,53.5,150,98.13084112,,2,,
Per2III,evening,cold,drought,A. percaneum,A. percaneum (cold-drought),3,56.3,44,27.35346359,,2,,
Per2III,evening,cold,drought,A. percaneum,A. percaneum (cold-drought),3,56.3,46,28.59680284,,2,,
Per2III,evening,cold,drought,A. percaneum,A. percaneum (cold-drought),3,56.3,50,31.08348135,,2,,
Dav2III,morning,cold,control,A. davidbramwellii,A. davidbramwellii (cold-control),3,52.6,175,116.4448669,,2,,
Dav2III,morning,cold,control,A. davidbramwellii,A. davidbramwellii (cold-control),3,52.6,182,121.1026616,,2,,
Dav2III,morning,cold,control,A. davidbramwellii,A. davidbramwellii (cold-control),3,52.6,186,123.7642586,,2,,
Dav2III,evening,cold,control,A. davidbramwellii,A. davidbramwellii (cold-control),3,52,63,42.40384615,,2,,
Dav2III,evening,cold,control,A. davidbramwellii,A. davidbramwellii (cold-control),3,52,82,55.19230769,,2,,
Dav2III,evening,cold,control,A. davidbramwellii,A. davidbramwellii (cold-control),3,52,80,53.84615385,,2,,
Dav4III,morning,cold,drought,A. davidbramwellii,A. davidbramwellii (cold-drought),3,59.4,186,109.5959596,,4,,
Dav4III,morning,cold,drought,A. davidbramwellii,A. davidbramwellii (cold-drought),3,59.4,209,123.1481481,,4,,
Dav4III,morning,cold,drought,A. davidbramwellii,A. davidbramwellii (cold-drought),3,59.4,214,126.0942761,,4,,
Dav4III,evening,cold,drought,A. davidbramwellii,A. davidbramwellii (cold-drought),3,59,67,39.74576271,,4,,
Dav4III,evening,cold,drought,A. davidbramwellii,A. davidbramwellii (cold-drought),3,59,87,51.61016949,,4,,
Dav4III,evening,cold,drought,A. davidbramwellii,A. davidbramwellii (cold-drought),3,59,91,53.98305085,,4,,
Gor11III,morning,cold,drought,A. gorgoneum,A. gorgoneum (cold-drought),3,57.4,128,78.04878049,,11,,
Gor11III,morning,cold,drought,A. gorgoneum,A. gorgoneum (cold-drought),3,57.4,128,78.04878049,,11,,
Gor11III,morning,cold,drought,A. gorgoneum,A. gorgoneum (cold-drought),3,57.4,128,78.04878049,,11,,
Gor11III,evening,cold,drought,A. gorgoneum,A. gorgoneum (cold-drought),3,56.2,64,39.85765125,,11,,
Gor11III,evening,cold,drought,A. gorgoneum,A. gorgoneum (cold-drought),3,56.2,60,37.36654804,,11,,
Gor11III,evening,cold,drought,A. gorgoneum,A. gorgoneum (cold-drought),3,56.2,61,37.98932384,,11,,
,,,,,,,,,,,,,
,,,,,,,,,,,,,
,,,,,,,,,,,,,
,,,,,,,,,,,,,
,,,,,,,,,,,,,
,,,,,,,,,,,,,
,,,,,,,,,,,,,
,,,,,,,,,,,,,
,,,,,,,,,,,,,
,,,,,,,,,,,,,
,,,,,,,,,,,,,
,,,,,,,,,,,,,
,,,,,,,,,,,,,
,,,,,,,,,,,,,
,,,,,,,,,,,,,
,,,,,,,,,,,,,
,,,,,,,,,,,,,
,,,,,,,,,,,,,
,,,,,,,,,,,,,
,,,,,,,,,,,,,
,,,,,,,,,,,,,
,,,,,,,,,,,,,
,,,,,,,,,,,,,
,,,,,,,,,,,,,
,,,,,,,,,,,,,
,,,,,,,,,,,,,
,,,,,,,,,,,,,
,,,,,,,,,,,,,
,,,,,,,,,,,,,
,,,,,,,,,,,,,
,,,,,,,,,,,,,
,,,,,,,,,,,,,
,,,,,,,,,,,,,
,,,,,,,,,,,,,
,,,,,,,,,,,,,
,,,,,,,,,,,,,
,,,,,,,,,,,,,
,,,,,,,,,,,,,
,,,,,,,,,,,,,
,,,,,,,,,,,,,
,,,,,,,,,,,,,
,,,,,,,,,,,,,
,,,,,,,,,,,,,
,,,,,,,,,,,,,
,,,,,,,,,,,,,
,,,,,,,,,,,,,
,,,,,,,,,,,,,
,,,,,,,,,,,,,
,,,,,,,,,,,,,
,,,,,,,,,,,,,
,,,,,,,,,,,,,
,,,,,,,,,,,,,
,,,,,,,,,,,,,
,,,,,,,,,,,,,
,,,,,,,,,,,,,
,,,,,,,,,,,,,
,,,,,,,,,,,,,
,,,,,,,,,,,,,
,,,,,,,,,,,,,
,,,,,,,,,,,,,
,,,,,,,,,,,,,
,,,,,,,,,,,,,
,,,,,,,,,,,,,
,,,,,,,,,,,,,
,,,,,,,,,,,,,
,,,,,,,,,,,,,
,,,,,,,,,,,,,
,,,,,,,,,,,,,
,,,,,,,,,,,,,
,,,,,,,,,,,,,
,,,,,,,,,,,,,
,,,,,,,,,,,,,
,,,,,,,,,,,,,
,,,,,,,,,,,,,
,,,,,,,,,,,,,
,,,,,,,,,,,,,
,,,,,,,,,,,,,
,,,,,,,,,,,,,
,,,,,,,,,,,,,
,,,,,,,,,,,,,
,,,,,,,,,,,,,
,,,,,,,,,,,,,
,,,,,,,,,,,,,
,,,,,,,,,,,,,
,,,,,,,,,,,,,
,,,,,,,,,,,,,
,,,,,,,,,,,,,
,,,,,,,,,,,,,
,,,,,,,,,,,,,
,,,,,,,,,,,,,
,,,,,,,,,,,,,
,,,,,,,,,,,,,
,,,,,,,,,,,,,
,,,,,,,,,,,,,
,,,,,,,,,,,,,
,,,,,,,,,,,,,
,,,,,,,,,,,,,
,,,,,,,,,,,,,
,,,,,,,,,,,,,
,,,,,,,,,,,,,
,,,,,,,,,,,,,
,,,,,,,,,,,,,
,,,,,,,,,,,,,
,,,,,,,,,,,,,
,,,,,,,,,,,,,
,,,,,,,,,,,,,
,,,,,,,,,,,,,
,,,,,,,,,,,,,
,,,,,,,,,,,,,
,,,,,,,,,,,,,
,,,,,,,,,,,,,
,,,,,,,,,,,,,
,,,,,,,,,,,,,
,,,,,,,,,,,,,
,,,,,,,,,,,,,
,,,,,,,,,,,,,
,,,,,,,,,,,,,
,,,,,,,,,,,,,
,,,,,,,,,,,,,
,,,,,,,,,,,,,
,,,,,,,,,,,,,
,,,,,,,,,,,,,
,,,,,,,,,,,,,
,,,,,,,,,,,,,
,,,,,,,,,,,,,
,,,,,,,,,,,,,
,,,,,,,,,,,,,
,,,,,,,,,,,,,
,,,,,,,,,,,,,
,,,,,,,,,,,,,
,,,,,,,,,,,,,
,,,,,,,,,,,,,
,,,,,,,,,,,,,
,,,,,,,,,,,,,
,,,,,,,,,,,,,
,,,,,,,,,,,,,
,,,,,,,,,,,,,
,,,,,,,,,,,,,
,,,,,,,,,,,,,
,,,,,,,,,,,,,
,,,,,,,,,,,,,
,,,,,,,,,,,,,
,,,,,,,,,,,,,
,,,,,,,,,,,,,
,,,,,,,,,,,,,
,,,,,,,,,,,,,
,,,,,,,,,,,,,
,,,,,,,,,,,,,
,,,,,,,,,,,,,
,,,,,,,,,,,,,
,,,,,,,,,,,,,
,,,,,,,,,,,,,
,,,,,,,,,,,,,
,,,,,,,,,,,,,
,,,,,,,,,,,,,
,,,,,,,,,,,,,
,,,,,,,,,,,,,
,,,,,,,,,,,,,
,,,,,,,,,,,,,
,,,,,,,,,,,,,
,,,,,,,,,,,,,
,,,,,,,,,,,,,
,,,,,,,,,,,,,
,,,,,,,,,,,,,
,,,,,,,,,,,,,
,,,,,,,,,,,,,
,,,,,,,,,,,,,
,,,,,,,,,,,,,
,,,,,,,,,,,,,
,,,,,,,,,,,,,
,,,,,,,,,,,,,
,,,,,,,,,,,,,
,,,,,,,,,,,,,
,,,,,,,,,,,,,
,,,,,,,,,,,,,
,,,,,,,,,,,,,
,,,,,,,,,,,,,
,,,,,,,,,,,,,
,,,,,,,,,,,,,
,,,,,,,,,,,,,
,,,,,,,,,,,,,
,,,,,,,,,,,,,
,,,,,,,,,,,,,
,,,,,,,,,,,,,
,,,,,,,,,,,,,
,,,,,,,,,,,,,
,,,,,,,,,,,,,
,,,,,,,,,,,,,
,,,,,,,,,,,,,
,,,,,,,,,,,,,
,,,,,,,,,,,,,
,,,,,,,,,,,,,
,,,,,,,,,,,,,
,,,,,,,,,,,,,
,,,,,,,,,,,,,
,,,,,,,,,,,,,
,,,,,,,,,,,,,
,,,,,,,,,,,,,
,,,,,,,,,,,,,
,,,,,,,,,,,,,
,,,,,,,,,,,,,
,,,,,,,,,,,,,
,,,,,,,,,,,,,
,,,,,,,,,,,,,
,,,,,,,,,,,,,
,,,,,,,,,,,,,
,,,,,,,,,,,,,
,,,,,,,,,,,,,
,,,,,,,,,,,,,
,,,,,,,,,,,,,
,,,,,,,,,,,,,
,,,,,,,,,,,,,
,,,,,,,,,,,,,
,,,,,,,,,,,,,
,,,,,,,,,,,,,
,,,,,,,,,,,,,
,,,,,,,,,,,,,
,,,,,,,,,,,,,
,,,,,,,,,,,,,
,,,,,,,,,,,,,
,,,,,,,,,,,,,
,,,,,,,,,,,,,
,,,,,,,,,,,,,
,,,,,,,,,,,,,
,,,,,,,,,,,,,
,,,,,,,,,,,,,
,,,,,,,,,,,,,
,,,,,,,,,,,,,
,,,,,,,,,,,,,
,,,,,,,,,,,,,
,,,,,,,,,,,,,
,,,,,,,,,,,,,
,,,,,,,,,,,,,
,,,,,,,,,,,,,
,,,,,,,,,,,,,
,,,,,,,,,,,,,
,,,,,,,,,,,,,
,,,,,,,,,,,,,
,,,,,,,,,,,,,
,,,,,,,,,,,,,
,,,,,,,,,,,,,
,,,,,,,,,,,,,
,,,,,,,,,,,,,
,,,,,,,,,,,,,
,,,,,,,,,,,,,
,,,,,,,,,,,,,
,,,,,,,,,,,,,
,,,,,,,,,,,,,
,,,,,,,,,,,,,
,,,,,,,,,,,,,
,,,,,,,,,,,,,
,,,,,,,,,,,,,
,,,,,,,,,,,,,
,,,,,,,,,,,,,
,,,,,,,,,,,,,
,,,,,,,,,,,,,
,,,,,,,,,,,,,
,,,,,,,,,,,,,
,,,,,,,,,,,,,
,,,,,,,,,,,,,
,,,,,,,,,,,,,
,,,,,,,,,,,,,
,,,,,,,,,,,,,
,,,,,,,,,,,,,
,,,,,,,,,,,,,
,,,,,,,,,,,,,
,,,,,,,,,,,,,
,,,,,,,,,,,,,
,,,,,,,,,,,,,
,,,,,,,,,,,,,
,,,,,,,,,,,,,
,,,,,,,,,,,,,
,,,,,,,,,,,,,
,,,,,,,,,,,,,
,,,,,,,,,,,,,
,,,,,,,,,,,,,
,,,,,,,,,,,,,
,,,,,,,,,,,,,
,,,,,,,,,,,,,
,,,,,,,,,,,,,
,,,,,,,,,,,,,
,,,,,,,,,,,,,
,,,,,,,,,,,,,
,,,,,,,,,,,,,
,,,,,,,,,,,,,
,,,,,,,,,,,,,
,,,,,,,,,,,,,
,,,,,,,,,,,,,
,,,,,,,,,,,,,
,,,,,,,,,,,,,
,,,,,,,,,,,,,
,,,,,,,,,,,,,
,,,,,,,,,,,,,
,,,,,,,,,,,,,
,,,,,,,,,,,,,
,,,,,,,,,,,,,
,,,,,,,,,,,,,
,,,,,,,,,,,,,
,,,,,,,,,,,,,
,,,,,,,,,,,,,
,,,,,,,,,,,,,
,,,,,,,,,,,,,
,,,,,,,,,,,,,
,,,,,,,,,,,,,
,,,,,,,,,,,,,
,,,,,,,,,,,,,
,,,,,,,,,,,,,
,,,,,,,,,,,,,
,,,,,,,,,,,,,
,,,,,,,,,,,,,
,,,,,,,,,,,,,
,,,,,,,,,,,,,
,,,,,,,,,,,,,
,,,,,,,,,,,,,
,,,,,,,,,,,,,
,,,,,,,,,,,,,
,,,,,,,,,,,,,
,,,,,,,,,,,,,
,,,,,,,,,,,,,
,,,,,,,,,,,,,
,,,,,,,,,,,,,
,,,,,,,,,,,,,
,,,,,,,,,,,,,
,,,,,,,,,,,,,
,,,,,,,,,,,,,
,,,,,,,,,,,,,
,,,,,,,,,,,,,
,,,,,,,,,,,,,
,,,,,,,,,,,,,
,,,,,,,,,,,,,
,,,,,,,,,,,,,
,,,,,,,,,,,,,
,,,,,,,,,,,,,
,,,,,,,,,,,,,
,,,,,,,,,,,,,
,,,,,,,,,,,,,
,,,,,,,,,,,,,
,,,,,,,,,,,,,
,,,,,,,,,,,,,
,,,,,,,,,,,,,
,,,,,,,,,,,,,
,,,,,,,,,,,,,
,,,,,,,,,,,,,
,,,,,,,,,,,,,
,,,,,,,,,,,,,
,,,,,,,,,,,,,
,,,,,,,,,,,,,
,,,,,,,,,,,,,
,,,,,,,,,,,,,
,,,,,,,,,,,,,
,,,,,,,,,,,,,
,,,,,,,,,,,,,
,,,,,,,,,,,,,
,,,,,,,,,,,,,
,,,,,,,,,,,,,
,,,,,,,,,,,,,
,,,,,,,,,,,,,
,,,,,,,,,,,,,
,,,,,,,,,,,,,
,,,,,,,,,,,,,
,,,,,,,,,,,,,
,,,,,,,,,,,,,
,,,,,,,,,,,,,
,,,,,,,,,,,,,
,,,,,,,,,,,,,
,,,,,,,,,,,,,
,,,,,,,,,,,,,
,,,,,,,,,,,,,
,,,,,,,,,,,,,
,,,,,,,,,,,,,
,,,,,,,,,,,,,
,,,,,,,,,,,,,
,,,,,,,,,,,,,
,,,,,,,,,,,,,
,,,,,,,,,,,,,
,,,,,,,,,,,,,
,,,,,,,,,,,,,
,,,,,,,,,,,,,
,,,,,,,,,,,,,
,,,,,,,,,,,,,
,,,,,,,,,,,,,
,,,,,,,,,,,,,
,,,,,,,,,,,,,
,,,,,,,,,,,,,
,,,,,,,,,,,,,
,,,,,,,,,,,,,
,,,,,,,,,,,,,
,,,,,,,,,,,,,
,,,,,,,,,,,,,
,,,,,,,,,,,,,
,,,,,,,,,,,,,
,,,,,,,,,,,,,
,,,,,,,,,,,,,
,,,,,,,,,,,,,
,,,,,,,,,,,,,
,,,,,,,,,,,,,
,,,,,,,,,,,,,
,,,,,,,,,,,,,
,,,,,,,,,,,,,
,,,,,,,,,,,,,
,,,,,,,,,,,,,
,,,,,,,,,,,,,
,,,,,,,,,,,,,
,,,,,,,,,,,,,
,,,,,,,,,,,,,
,,,,,,,,,,,,,
,,,,,,,,,,,,,
,,,,,,,,,,,,,
,,,,,,,,,,,,,
,,,,,,,,,,,,,
,,,,,,,,,,,,,
,,,,,,,,,,,,,
,,,,,,,,,,,,,
,,,,,,,,,,,,,
,,,,,,,,,,,,,
,,,,,,,,,,,,,
,,,,,,,,,,,,,
,,,,,,,,,,,,,
,,,,,,,,,,,,,
,,,,,,,,,,,,,
,,,,,,,,,,,,,
,,,,,,,,,,,,,
,,,,,,,,,,,,,
,,,,,,,,,,,,,
,,,,,,,,,,,,,
,,,,,,,,,,,,,
,,,,,,,,,,,,,
,,,,,,,,,,,,,
,,,,,,,,,,,,,
,,,,,,,,,,,,,
,,,,,,,,,,,,,
,,,,,,,,,,,,,
,,,,,,,,,,,,,
,,,,,,,,,,,,,
,,,,,,,,,,,,,
,,,,,,,,,,,,,
,,,,,,,,,,,,,
,,,,,,,,,,,,,
,,,,,,,,,,,,,
,,,,,,,,,,,,,
,,,,,,,,,,,,,
,,,,,,,,,,,,,
,,,,,,,,,,,,,
,,,,,,,,,,,,,
,,,,,,,,,,,,,
,,,,,,,,,,,,,
,,,,,,,,,,,,,
,,,,,,,,,,,,,
,,,,,,,,,,,,,
,,,,,,,,,,,,,
,,,,,,,,,,,,,
,,,,,,,,,,,,,
,,,,,,,,,,,,,
,,,,,,,,,,,,,
,,,,,,,,,,,,,
,,,,,,,,,,,,,
,,,,,,,,,,,,,
,,,,,,,,,,,,,
,,,,,,,,,,,,,
,,,,,,,,,,,,,
,,,,,,,,,,,,,
,,,,,,,,,,,,,
,,,,,,,,,,,,,
,,,,,,,,,,,,,
,,,,,,,,,,,,,
,,,,,,,,,,,,,
,,,,,,,,,,,,,
,,,,,,,,,,,,,
,,,,,,,,,,,,,
,,,,,,,,,,,,,
,,,,,,,,,,,,,
,,,,,,,,,,,,,
,,,,,,,,,,,,,
,,,,,,,,,,,,,
,,,,,,,,,,,,,
,,,,,,,,,,,,,
,,,,,,,,,,,,,
,,,,,,,,,,,,,
,,,,,,,,,,,,,
,,,,,,,,,,,,,
,,,,,,,,,,,,,
,,,,,,,,,,,,,
,,,,,,,,,,,,,
,,,,,,,,,,,,,
,,,,,,,,,,,,,
,,,,,,,,,,,,,
,,,,,,,,,,,,,
,,,,,,,,,,,,,
